Fund Name,P1,P2,P3,P4,P5,Topsis Score,Rank
M1,0.84,0.71,6.7,42.1,12.59,0.43630767023877304,6.0
M2,0.91,0.83,7.0,31.7,10.11,0.4869678966064342,5.0
M3,0.79,0.62,4.8,46.7,13.23,0.5608227173821744,3.0
M4,0.78,0.61,6.4,42.4,12.55,0.5080439175208284,4.0
M5,0.94,0.88,3.6,62.2,16.91,0.3581141847724676,7.0
M6,0.88,0.77,6.5,51.5,14.91,0.26185186814949024,8.0
M7,0.66,0.44,5.3,48.9,13.83,0.5926104682272406,1.0
M8,0.93,0.86,3.4,37.0,10.55,0.5915013233052995,2.0
