Fund Name,0,1,2,3,4,Topsis Score,Topsis Score Rank
M1,0.72,0.52,5.7,65.4,18.09,0.7808951769018927,1
M2,0.71,0.5,6.8,58.0,16.5,0.7378104044357984,2
M3,0.61,0.37,5.3,44.8,12.77,0.3834265772983232,4
M4,0.67,0.45,4.0,67.3,18.11,0.6507490937498132,6
M5,0.74,0.55,3.9,47.8,13.25,0.4306209633017912,5
M6,0.71,0.5,5.3,53.5,15.0,0.5946347361410749,3
M7,0.76,0.58,3.2,42.9,11.86,0.33413444540402965,7
M8,0.83,0.69,4.1,31.1,9.18,0.318631183313058,8
